{"val_loss": [2.7445350771540604, 2.1484757807888815, 1.743408437036296, 1.6978525810215992, 1.7830229251763012, 1.795777385265883, 2.0092846632771693, 2.1536576457424936, 2.0414874990386065, 2.25737462382977, 1.9474806645356912, 1.5925438227798405, 2.1526833985336284, 2.2174079173119723, 2.2934015656098516, 1.6786052756843037, 1.79059886404854, 2.6494609182112323, 2.1387855981915727, 2.164122464192413, 2.2709056681702573, 1.725006264308774, 1.9716955367264468, 2.1980530704341503, 1.917169098659751, 1.6854170487426505, 1.993296429316648, 2.1009317707354374, 2.0751532026239343, 2.147985110228143, 2.1809592783042087, 2.1604516268477623, 1.9845619060932764, 2.2126875363082683, 1.4044669987924658, 1.9420992182743781, 1.8869709508657089, 2.299638990136227, 1.9900562314155172, 1.9592149056167667, 2.0903618881939807, 1.9964388796652486, 1.88874626920898, 1.813373610212462, 2.384832842712926, 2.502275363885794, 2.1681146716857853, 2.004211530001737, 1.933077114734508, 1.9934170260647734], "val_acc": [0.52030527936429, 0.5420809410363248, 0.6268029687885743, 0.6129393642430478, 0.6579610698698215, 0.6517994678783376, 0.6646127993278252, 0.6254026046855629, 0.6597815432095792, 0.6650329085645714, 0.6793866405265369, 0.6680436913639269, 0.6664332726425424, 0.6404565186948606, 0.6673435093291149, 0.6868085702199125, 0.6730149838874661, 0.6523596135162035, 0.6691639826521789, 0.6920599355999453, 0.671824674415348, 0.6870886430555391, 0.6963310460636319, 0.7025626662848894, 0.6886990617477098, 0.68386780561277, 0.6838678056294637, 0.6900994258340275, 0.6849180787088089, 0.6889791345666427, 0.6887690799440962, 0.6849880968968485, 0.6840078420305833, 0.6935303178826495, 0.6809270410390148, 0.6985016104270557, 0.6933902814898767, 0.6938103907015825, 0.6890491527838961, 0.6976613919535632, 0.6985716286401358, 0.7013023386163849, 0.6938103907099292, 0.6893992438117357, 0.6947906455761944, 0.6954908276068331, 0.7004621201428926, 0.6990617560398811, 0.6990617560482278, 0.6924100266152646], "loss": [0.4903873633366709, 0.13743993593103712, 0.10245843302538571, 0.08520296854051787, 0.06235990192877368, 0.05180964691039873, 0.04334192522402579, 0.03534182473998889, 0.028334848528398824, 0.028126952178347868, 0.023221211179465368, 0.02000170866269886, 0.01749788160470354, 0.011038045516676132, 0.013448950574000923, 0.011637619391762848, 0.009065826031983536, 0.009948494762345633, 0.006577137758397937, 0.007728896821585556, 0.0070457874795694575, 0.007670177230090731, 0.0045797073722975345, 0.008775605482097396, 0.004461267169366296, 0.006464187213075274, 0.004631517036599496, 0.006952850627017877, 0.0028847729177922253, 0.0040338134139674894, 0.005219562581083272, 0.00429467936605656, 0.0019671640844491126, 0.004999709764497882, 0.001961726315700391, 0.005769251616330772, 0.0026636304076785343, 0.004077099466101624, 0.0027174197922687515, 0.002913136898958634, 0.0033349311201852474, 0.0022696453641972278, 0.0018719091437680022, 0.0021515426154478626, 0.0029078329100054525, 9.508645625443876e-05, 0.005198421882986197, 0.0006720467219217023, 0.0028948315517380004, 0.002736475045509649], "acc": [0.8559467207383583, 0.9575409033618228, 0.9684659488183471, 0.9740945322249189, 0.9796881554943917, 0.9831841700378122, 0.9853866592085023, 0.9884981121521466, 0.9909977625506922, 0.9920116067682841, 0.9930604111313103, 0.9943014962858895, 0.994895818766606, 0.9965389456020137, 0.996416585092994, 0.9967487064746189, 0.9973080688015662, 0.9971507481471122, 0.9977101104657244, 0.9977275905467766, 0.9981121521465529, 0.9976227101104741, 0.9987064746189345, 0.9979198713466648, 0.9987589148370857, 0.9982519927282898, 0.9987938749825199, 0.9981820724374213, 0.9991959166550133, 0.9988812753461055, 0.9985316738917633, 0.9986190742553489, 0.9994581177457699, 0.9988463152006712, 0.9994406376730527, 0.9985141938190463, 0.9992833170185988, 0.9990385960005593, 0.9991784365822962, 0.9992833170185988, 0.9990560760732765, 0.9993881974549014, 0.999493077891204, 0.99933575723675, 0.9992133967277304, 0.9999650398545658, 0.9987064746189345, 0.9998077192001119, 0.9990211159278423, 0.999318277164033]}